<?xml version="1.0" encoding="UTF-8" standalone="yes"?>
<addon id="catchuptvandmore.kodi.jarvis.beta" name="Catch-up TV &amp; More jarvis beta repository" version="0.0.1" provider-name="SylvainCecchetto">
  <requires>
    <import addon="xbmc.addon" version="16.0.0"/>
  </requires>
  <extension point="xbmc.addon.repository" name="Catch-up TV &amp; More jarvis beta repository">
    <info compressed="false">https://repo.cecchettosylvain.fr/jarvis/beta/addons.xml</info>
    <checksum>https://repo.cecchettosylvain.fr/jarvis/beta/addons.xml.md5</checksum>
    <datadir zip="true">https://repo.cecchettosylvain.fr/jarvis/beta/</datadir>
  </extension>
  <extension point="xbmc.addon.metadata">
    <summary>Install Catch-up TV &amp; More addon in its latest official beta version from the official developers repository</summary>
    <description></description>
    <platform>all</platform>
    <website>https://github.com/SylvainCecchetto/plugin.video.catchuptvandmore</website>
  </extension>
</addon>
